postal_code,description,geometry
41009,Ayuntamiento,POINT(-70.608013 -22.335167)
41109,Policlínico,POINT(47.608013 122.335167)
41309,Parque El Retiro, POINT(38.575764 121.478851)
41009,La Cibeles,POINT(37.804363 -85.271111)
41009,Calle Gran Vía nº23,POINT(-34.052235 118.243683)
41309,Hospital,POINT(67.7652 52.2416)
41309,Farmacia,POINT(-64.257235 150.364883)